product_id,product_name,category,subcategory,brand,unit_cost,selling_price
P0001,Northern Star Baby Care Item 001,Baby Care,Baby Care,Northern Star,81.18,102.3
P0002,Rimal Beauty Item 002,Beauty,Beauty,Rimal,93.02,129.53
P0003,Nakhla Personal Care Item 003,Personal Care,Personal Care,Nakhla,47.67,61.94
P0004,Rimal Electronics Item 004,Electronics,Electronics,Rimal,790.37,1009.61
P0005,Arabian Select Baby Care Item 005,Baby Care,Baby Care,Arabian Select,14.9,20.29
P0006,Gulf Fresh Food & Beverages Item 006,Food & Beverages,Food & Beverages,Gulf Fresh,69.63,84.06
P0007,Sahara Home Fresh Food Item 007,Fresh Food,Fresh Food,Sahara Home,59.13,80.61
P0008,Arabian Select Electronics Item 008,Electronics,Electronics,Arabian Select,362.12,460.72
P0009,Golden Basket Fresh Food Item 009,Fresh Food,Fresh Food,Golden Basket,73.35,100.44
P0010,Golden Basket Baby Care Item 010,Baby Care,Baby Care,Golden Basket,91.71,131.12
P0011,Rimal Health & Wellness Item 011,Health & Wellness,Health & Wellness,Rimal,175.95,242.05
P0012,Palm Valley Household Item 012,Household,Household,Palm Valley,135.6,183.2
P0013,Desert Harvest Fresh Food Item 013,Fresh Food,Fresh Food,Desert Harvest,43.91,56.74
P0014,Palm Valley Fresh Food Item 014,Fresh Food,Fresh Food,Palm Valley,29.85,40.85
P0015,Northern Star Food & Beverages Item 015,Food & Beverages,Food & Beverages,Northern Star,48.2,62.45
P0016,Eastern Choice Food & Beverages Item 016,Food & Beverages,Food & Beverages,Eastern Choice,73.16,95.49
P0017,Al Waha Household Item 017,Household,Household,Al Waha,35.55,47.33
P0018,Palm Valley Electronics Item 018,Electronics,Electronics,Palm Valley,505.91,574.45
P0019,Al Waha Fresh Food Item 019,Fresh Food,Fresh Food,Al Waha,64.26,84.12
P0020,Al Waha Food & Beverages Item 020,Food & Beverages,Food & Beverages,Al Waha,59.18,79.71
P0021,Sahara Home Health & Wellness Item 021,Health & Wellness,Health & Wellness,Sahara Home,35.0,55.34
P0022,Gulf Fresh Household Item 022,Household,Household,Gulf Fresh,108.79,131.49
P0023,Sahara Home Fresh Food Item 023,Fresh Food,Fresh Food,Sahara Home,91.18,112.42
P0024,Al Waha Electronics Item 024,Electronics,Electronics,Al Waha,160.15,180.38
P0025,Arabian Select Electronics Item 025,Electronics,Electronics,Arabian Select,205.28,255.61
P0026,Golden Basket Household Item 026,Household,Household,Golden Basket,145.85,198.87
P0027,Al Waha Household Item 027,Household,Household,Al Waha,31.24,38.82
P0028,Sahara Home Personal Care Item 028,Personal Care,Personal Care,Sahara Home,103.25,142.12
P0029,Arabian Select Food & Beverages Item 029,Food & Beverages,Food & Beverages,Arabian Select,40.4,53.25
P0030,Sahara Home Fresh Food Item 030,Fresh Food,Fresh Food,Sahara Home,26.98,36.33
P0031,Palm Valley Electronics Item 031,Electronics,Electronics,Palm Valley,699.18,844.92
P0032,Nakhla Fresh Food Item 032,Fresh Food,Fresh Food,Nakhla,46.19,60.88
P0033,Rimal Fresh Food Item 033,Fresh Food,Fresh Food,Rimal,52.94,68.91
P0034,Desert Harvest Beauty Item 034,Beauty,Beauty,Desert Harvest,96.22,139.92
P0035,Eastern Choice Electronics Item 035,Electronics,Electronics,Eastern Choice,482.5,585.27
P0036,Sahara Home Fresh Food Item 036,Fresh Food,Fresh Food,Sahara Home,18.86,25.23
P0037,Desert Harvest Electronics Item 037,Electronics,Electronics,Desert Harvest,325.04,414.32
P0038,Oasis Choice Personal Care Item 038,Personal Care,Personal Care,Oasis Choice,116.48,164.13
P0039,Sahara Home Household Item 039,Household,Household,Sahara Home,42.43,57.37
P0040,Nakhla Food & Beverages Item 040,Food & Beverages,Food & Beverages,Nakhla,53.23,62.92
P0041,Desert Harvest Fresh Food Item 041,Fresh Food,Fresh Food,Desert Harvest,34.54,44.64
P0042,Eastern Choice Health & Wellness Item 042,Health & Wellness,Health & Wellness,Eastern Choice,156.96,204.49
P0043,Al Waha Personal Care Item 043,Personal Care,Personal Care,Al Waha,20.05,26.3
P0044,Sahara Home Baby Care Item 044,Baby Care,Baby Care,Sahara Home,174.81,241.52
P0045,Gulf Fresh Health & Wellness Item 045,Health & Wellness,Health & Wellness,Gulf Fresh,96.22,153.72
P0046,Rimal Household Item 046,Household,Household,Rimal,39.23,47.85
P0047,Nakhla Food & Beverages Item 047,Food & Beverages,Food & Beverages,Nakhla,7.73,9.51
P0048,Northern Star Baby Care Item 048,Baby Care,Baby Care,Northern Star,37.2,52.08
P0049,Northern Star Beauty Item 049,Beauty,Beauty,Northern Star,134.75,191.54
P0050,Desert Harvest Electronics Item 050,Electronics,Electronics,Desert Harvest,282.86,342.55
P0051,Nakhla Beauty Item 051,Beauty,Beauty,Nakhla,208.93,335.66
P0052,Arabian Select Fresh Food Item 052,Fresh Food,Fresh Food,Arabian Select,44.8,59.28
P0053,Eastern Choice Beauty Item 053,Beauty,Beauty,Eastern Choice,69.69,98.67
P0054,Rimal Beauty Item 054,Beauty,Beauty,Rimal,158.11,233.11
P0055,Al Waha Fresh Food Item 055,Fresh Food,Fresh Food,Al Waha,71.56,97.09
P0056,Sahara Home Household Item 056,Household,Household,Sahara Home,29.22,38.3
P0057,Sahara Home Food & Beverages Item 057,Food & Beverages,Food & Beverages,Sahara Home,15.07,17.35
P0058,Northern Star Food & Beverages Item 058,Food & Beverages,Food & Beverages,Northern Star,4.86,6.33
P0059,Sahara Home Electronics Item 059,Electronics,Electronics,Sahara Home,594.39,658.03
P0060,Rimal Health & Wellness Item 060,Health & Wellness,Health & Wellness,Rimal,136.12,207.41
P0061,Gulf Fresh Baby Care Item 061,Baby Care,Baby Care,Gulf Fresh,89.64,112.11
P0062,Oasis Choice Food & Beverages Item 062,Food & Beverages,Food & Beverages,Oasis Choice,67.85,91.03
P0063,Golden Basket Food & Beverages Item 063,Food & Beverages,Food & Beverages,Golden Basket,64.84,79.34
P0064,Palm Valley Food & Beverages Item 064,Food & Beverages,Food & Beverages,Palm Valley,47.66,57.93
P0065,Desert Harvest Household Item 065,Household,Household,Desert Harvest,130.9,160.98
P0066,Gulf Fresh Health & Wellness Item 066,Health & Wellness,Health & Wellness,Gulf Fresh,49.11,68.35
P0067,Al Waha Household Item 067,Household,Household,Al Waha,21.23,29.2
P0068,Northern Star Household Item 068,Household,Household,Northern Star,44.11,61.72
P0069,Desert Harvest Fresh Food Item 069,Fresh Food,Fresh Food,Desert Harvest,8.54,10.88
P0070,Sahara Home Household Item 070,Household,Household,Sahara Home,82.02,105.78
P0071,Nakhla Beauty Item 071,Beauty,Beauty,Nakhla,234.79,376.3
P0072,Al Waha Electronics Item 072,Electronics,Electronics,Al Waha,50.69,64.74
P0073,Desert Harvest Household Item 073,Household,Household,Desert Harvest,22.71,29.95
P0074,Eastern Choice Health & Wellness Item 074,Health & Wellness,Health & Wellness,Eastern Choice,95.92,135.96
P0075,Sahara Home Fresh Food Item 075,Fresh Food,Fresh Food,Sahara Home,93.59,120.03
P0076,Desert Harvest Fresh Food Item 076,Fresh Food,Fresh Food,Desert Harvest,33.67,45.09
P0077,Nakhla Food & Beverages Item 077,Food & Beverages,Food & Beverages,Nakhla,41.56,47.82
P0078,Eastern Choice Fresh Food Item 078,Fresh Food,Fresh Food,Eastern Choice,7.03,9.31
P0079,Sahara Home Beauty Item 079,Beauty,Beauty,Sahara Home,45.6,67.23
P0080,Oasis Choice Personal Care Item 080,Personal Care,Personal Care,Oasis Choice,118.46,171.6
P0081,Gulf Fresh Household Item 081,Household,Household,Gulf Fresh,144.94,176.62
P0082,Arabian Select Fresh Food Item 082,Fresh Food,Fresh Food,Arabian Select,3.48,4.59
P0083,Northern Star Beauty Item 083,Beauty,Beauty,Northern Star,238.43,362.02
P0084,Palm Valley Personal Care Item 084,Personal Care,Personal Care,Palm Valley,78.5,110.73
P0085,Rimal Health & Wellness Item 085,Health & Wellness,Health & Wellness,Rimal,174.9,230.77
P0086,Northern Star Personal Care Item 086,Personal Care,Personal Care,Northern Star,57.3,79.93
P0087,Palm Valley Food & Beverages Item 087,Food & Beverages,Food & Beverages,Palm Valley,42.22,53.29
P0088,Al Waha Food & Beverages Item 088,Food & Beverages,Food & Beverages,Al Waha,40.13,50.65
P0089,Palm Valley Food & Beverages Item 089,Food & Beverages,Food & Beverages,Palm Valley,54.02,68.64
P0090,Sahara Home Food & Beverages Item 090,Food & Beverages,Food & Beverages,Sahara Home,12.89,16.57
P0091,Oasis Choice Food & Beverages Item 091,Food & Beverages,Food & Beverages,Oasis Choice,4.34,5.69
P0092,Arabian Select Health & Wellness Item 092,Health & Wellness,Health & Wellness,Arabian Select,68.51,94.61
P0093,Gulf Fresh Food & Beverages Item 093,Food & Beverages,Food & Beverages,Gulf Fresh,56.97,74.92
P0094,Gulf Fresh Household Item 094,Household,Household,Gulf Fresh,34.27,44.54
P0095,Nakhla Fresh Food Item 095,Fresh Food,Fresh Food,Nakhla,68.32,83.04
P0096,Rimal Beauty Item 096,Beauty,Beauty,Rimal,242.78,332.73
P0097,Desert Harvest Health & Wellness Item 097,Health & Wellness,Health & Wellness,Desert Harvest,27.84,38.98
P0098,Oasis Choice Food & Beverages Item 098,Food & Beverages,Food & Beverages,Oasis Choice,54.46,71.18
P0099,Desert Harvest Food & Beverages Item 099,Food & Beverages,Food & Beverages,Desert Harvest,36.61,47.28
P0100,Arabian Select Food & Beverages Item 100,Food & Beverages,Food & Beverages,Arabian Select,69.72,91.17
P0101,Palm Valley Food & Beverages Item 101,Food & Beverages,Food & Beverages,Palm Valley,15.82,19.83
P0102,Gulf Fresh Personal Care Item 102,Personal Care,Personal Care,Gulf Fresh,84.65,115.13
P0103,Arabian Select Food & Beverages Item 103,Food & Beverages,Food & Beverages,Arabian Select,67.37,79.46
P0104,Palm Valley Food & Beverages Item 104,Food & Beverages,Food & Beverages,Palm Valley,75.68,92.0
P0105,Gulf Fresh Food & Beverages Item 105,Food & Beverages,Food & Beverages,Gulf Fresh,55.29,68.38
P0106,Palm Valley Household Item 106,Household,Household,Palm Valley,77.09,93.87
P0107,Rimal Food & Beverages Item 107,Food & Beverages,Food & Beverages,Rimal,50.19,59.93
P0108,Oasis Choice Household Item 108,Household,Household,Oasis Choice,130.99,172.86
P0109,Northern Star Beauty Item 109,Beauty,Beauty,Northern Star,146.95,236.22
P0110,Eastern Choice Baby Care Item 110,Baby Care,Baby Care,Eastern Choice,13.23,19.18
P0111,Al Waha Food & Beverages Item 111,Food & Beverages,Food & Beverages,Al Waha,74.61,99.73
P0112,Arabian Select Electronics Item 112,Electronics,Electronics,Arabian Select,557.83,685.3
P0113,Arabian Select Health & Wellness Item 113,Health & Wellness,Health & Wellness,Arabian Select,138.54,197.61
P0114,Eastern Choice Food & Beverages Item 114,Food & Beverages,Food & Beverages,Eastern Choice,18.82,24.04
P0115,Northern Star Fresh Food Item 115,Fresh Food,Fresh Food,Northern Star,66.91,90.81
P0116,Golden Basket Fresh Food Item 116,Fresh Food,Fresh Food,Golden Basket,41.2,50.42
P0117,Sahara Home Food & Beverages Item 117,Food & Beverages,Food & Beverages,Sahara Home,52.8,65.05
P0118,Rimal Personal Care Item 118,Personal Care,Personal Care,Rimal,17.26,25.2
P0119,Rimal Electronics Item 119,Electronics,Electronics,Rimal,533.12,627.36
P0120,Eastern Choice Baby Care Item 120,Baby Care,Baby Care,Eastern Choice,179.9,241.6
P0121,Desert Harvest Food & Beverages Item 121,Food & Beverages,Food & Beverages,Desert Harvest,5.76,7.3
P0122,Palm Valley Food & Beverages Item 122,Food & Beverages,Food & Beverages,Palm Valley,78.22,92.84
P0123,Sahara Home Household Item 123,Household,Household,Sahara Home,64.0,81.44
P0124,Oasis Choice Beauty Item 124,Beauty,Beauty,Oasis Choice,218.98,321.26
P0125,Oasis Choice Health & Wellness Item 125,Health & Wellness,Health & Wellness,Oasis Choice,158.65,207.49
P0126,Eastern Choice Household Item 126,Household,Household,Eastern Choice,87.22,105.09
P0127,Rimal Household Item 127,Household,Household,Rimal,112.08,153.14
P0128,Oasis Choice Baby Care Item 128,Baby Care,Baby Care,Oasis Choice,159.1,201.78
P0129,Golden Basket Food & Beverages Item 129,Food & Beverages,Food & Beverages,Golden Basket,33.52,42.02
P0130,Arabian Select Personal Care Item 130,Personal Care,Personal Care,Arabian Select,42.61,56.44
P0131,Nakhla Baby Care Item 131,Baby Care,Baby Care,Nakhla,122.83,176.28
P0132,Al Waha Fresh Food Item 132,Fresh Food,Fresh Food,Al Waha,81.36,101.85
P0133,Eastern Choice Beauty Item 133,Beauty,Beauty,Eastern Choice,192.95,289.5
P0134,Desert Harvest Beauty Item 134,Beauty,Beauty,Desert Harvest,201.48,333.54
P0135,Palm Valley Food & Beverages Item 135,Food & Beverages,Food & Beverages,Palm Valley,35.98,47.44
P0136,Al Waha Household Item 136,Household,Household,Al Waha,123.59,152.91
P0137,Palm Valley Beauty Item 137,Beauty,Beauty,Palm Valley,38.85,63.36
P0138,Gulf Fresh Personal Care Item 138,Personal Care,Personal Care,Gulf Fresh,67.62,92.27
P0139,Al Waha Personal Care Item 139,Personal Care,Personal Care,Al Waha,5.66,7.76
P0140,Nakhla Household Item 140,Household,Household,Nakhla,52.06,63.86
P0141,Rimal Food & Beverages Item 141,Food & Beverages,Food & Beverages,Rimal,30.58,35.66
P0142,Golden Basket Personal Care Item 142,Personal Care,Personal Care,Golden Basket,50.56,72.4
P0143,Arabian Select Food & Beverages Item 143,Food & Beverages,Food & Beverages,Arabian Select,56.25,70.27
P0144,Arabian Select Personal Care Item 144,Personal Care,Personal Care,Arabian Select,49.68,67.53
P0145,Golden Basket Food & Beverages Item 145,Food & Beverages,Food & Beverages,Golden Basket,37.0,47.95
P0146,Sahara Home Fresh Food Item 146,Fresh Food,Fresh Food,Sahara Home,26.04,35.23
P0147,Gulf Fresh Health & Wellness Item 147,Health & Wellness,Health & Wellness,Gulf Fresh,80.92,109.05
P0148,Palm Valley Baby Care Item 148,Baby Care,Baby Care,Palm Valley,47.09,63.69
P0149,Nakhla Electronics Item 149,Electronics,Electronics,Nakhla,77.09,86.89
P0150,Oasis Choice Beauty Item 150,Beauty,Beauty,Oasis Choice,154.83,249.74
P0151,Al Waha Food & Beverages Item 151,Food & Beverages,Food & Beverages,Al Waha,54.12,69.35
P0152,Gulf Fresh Beauty Item 152,Beauty,Beauty,Gulf Fresh,158.68,267.35
P0153,Eastern Choice Health & Wellness Item 153,Health & Wellness,Health & Wellness,Eastern Choice,98.06,129.51
P0154,Al Waha Baby Care Item 154,Baby Care,Baby Care,Al Waha,73.32,89.03
P0155,Nakhla Household Item 155,Household,Household,Nakhla,130.18,163.56
P0156,Desert Harvest Food & Beverages Item 156,Food & Beverages,Food & Beverages,Desert Harvest,42.49,51.09
P0157,Desert Harvest Personal Care Item 157,Personal Care,Personal Care,Desert Harvest,60.11,78.85
P0158,Gulf Fresh Household Item 158,Household,Household,Gulf Fresh,8.72,12.04
P0159,Rimal Health & Wellness Item 159,Health & Wellness,Health & Wellness,Rimal,74.84,102.89
P0160,Nakhla Health & Wellness Item 160,Health & Wellness,Health & Wellness,Nakhla,82.24,113.62
P0161,Nakhla Household Item 161,Household,Household,Nakhla,62.83,84.94
P0162,Golden Basket Fresh Food Item 162,Fresh Food,Fresh Food,Golden Basket,59.28,76.47
P0163,Rimal Health & Wellness Item 163,Health & Wellness,Health & Wellness,Rimal,111.38,170.75
P0164,Palm Valley Personal Care Item 164,Personal Care,Personal Care,Palm Valley,74.91,94.86
P0165,Palm Valley Food & Beverages Item 165,Food & Beverages,Food & Beverages,Palm Valley,61.66,76.92
P0166,Oasis Choice Food & Beverages Item 166,Food & Beverages,Food & Beverages,Oasis Choice,65.41,75.66
P0167,Arabian Select Personal Care Item 167,Personal Care,Personal Care,Arabian Select,87.58,110.85
P0168,Desert Harvest Food & Beverages Item 168,Food & Beverages,Food & Beverages,Desert Harvest,76.53,101.88
P0169,Eastern Choice Food & Beverages Item 169,Food & Beverages,Food & Beverages,Eastern Choice,3.42,4.03
P0170,Palm Valley Personal Care Item 170,Personal Care,Personal Care,Palm Valley,27.51,38.05
P0171,Rimal Food & Beverages Item 171,Food & Beverages,Food & Beverages,Rimal,2.59,3.19
P0172,Nakhla Fresh Food Item 172,Fresh Food,Fresh Food,Nakhla,65.81,83.54
P0173,Eastern Choice Food & Beverages Item 173,Food & Beverages,Food & Beverages,Eastern Choice,72.05,95.82
P0174,Northern Star Beauty Item 174,Beauty,Beauty,Northern Star,68.44,92.92
P0175,Palm Valley Household Item 175,Household,Household,Palm Valley,139.42,185.81
P0176,Nakhla Fresh Food Item 176,Fresh Food,Fresh Food,Nakhla,8.85,12.33
P0177,Palm Valley Food & Beverages Item 177,Food & Beverages,Food & Beverages,Palm Valley,74.89,94.51
P0178,Desert Harvest Household Item 178,Household,Household,Desert Harvest,55.99,77.68
P0179,Northern Star Fresh Food Item 179,Fresh Food,Fresh Food,Northern Star,12.84,15.54
P0180,Al Waha Fresh Food Item 180,Fresh Food,Fresh Food,Al Waha,50.13,64.35
P0181,Palm Valley Electronics Item 181,Electronics,Electronics,Palm Valley,220.29,253.78
P0182,Rimal Personal Care Item 182,Personal Care,Personal Care,Rimal,37.76,54.1
P0183,Palm Valley Food & Beverages Item 183,Food & Beverages,Food & Beverages,Palm Valley,25.97,34.96
P0184,Arabian Select Health & Wellness Item 184,Health & Wellness,Health & Wellness,Arabian Select,162.57,223.85
P0185,Eastern Choice Fresh Food Item 185,Fresh Food,Fresh Food,Eastern Choice,55.3,73.6
P0186,Eastern Choice Beauty Item 186,Beauty,Beauty,Eastern Choice,84.71,120.23
P0187,Desert Harvest Health & Wellness Item 187,Health & Wellness,Health & Wellness,Desert Harvest,125.96,185.11
P0188,Rimal Personal Care Item 188,Personal Care,Personal Care,Rimal,87.36,119.33
P0189,Northern Star Electronics Item 189,Electronics,Electronics,Northern Star,232.65,301.14
P0190,Golden Basket Food & Beverages Item 190,Food & Beverages,Food & Beverages,Golden Basket,34.26,43.57
P0191,Rimal Personal Care Item 191,Personal Care,Personal Care,Rimal,19.02,25.44
P0192,Eastern Choice Household Item 192,Household,Household,Eastern Choice,31.27,38.24
P0193,Arabian Select Beauty Item 193,Beauty,Beauty,Arabian Select,173.47,243.37
P0194,Al Waha Personal Care Item 194,Personal Care,Personal Care,Al Waha,25.87,33.79
P0195,Desert Harvest Food & Beverages Item 195,Food & Beverages,Food & Beverages,Desert Harvest,42.96,51.56
P0196,Golden Basket Health & Wellness Item 196,Health & Wellness,Health & Wellness,Golden Basket,144.72,225.07
P0197,Arabian Select Personal Care Item 197,Personal Care,Personal Care,Arabian Select,17.29,24.04
P0198,Northern Star Health & Wellness Item 198,Health & Wellness,Health & Wellness,Northern Star,117.79,171.62
P0199,Northern Star Food & Beverages Item 199,Food & Beverages,Food & Beverages,Northern Star,22.01,25.82
P0200,Arabian Select Beauty Item 200,Beauty,Beauty,Arabian Select,241.1,398.07
P0201,Gulf Fresh Beauty Item 201,Beauty,Beauty,Gulf Fresh,126.05,202.06
P0202,Desert Harvest Food & Beverages Item 202,Food & Beverages,Food & Beverages,Desert Harvest,64.87,75.48
P0203,Rimal Personal Care Item 203,Personal Care,Personal Care,Rimal,68.28,97.43
P0204,Nakhla Food & Beverages Item 204,Food & Beverages,Food & Beverages,Nakhla,5.39,6.78
P0205,Al Waha Food & Beverages Item 205,Food & Beverages,Food & Beverages,Al Waha,51.39,59.94
P0206,Nakhla Fresh Food Item 206,Fresh Food,Fresh Food,Nakhla,95.29,123.08
P0207,Rimal Personal Care Item 207,Personal Care,Personal Care,Rimal,74.19,101.73
P0208,Rimal Electronics Item 208,Electronics,Electronics,Rimal,658.97,746.72
P0209,Desert Harvest Personal Care Item 209,Personal Care,Personal Care,Desert Harvest,106.68,158.57
P0210,Rimal Baby Care Item 210,Baby Care,Baby Care,Rimal,47.23,66.71
P0211,Eastern Choice Electronics Item 211,Electronics,Electronics,Eastern Choice,185.39,228.74
P0212,Gulf Fresh Health & Wellness Item 212,Health & Wellness,Health & Wellness,Gulf Fresh,126.09,181.4
P0213,Golden Basket Beauty Item 213,Beauty,Beauty,Golden Basket,108.65,162.34
P0214,Rimal Household Item 214,Household,Household,Rimal,126.78,168.64
P0215,Nakhla Household Item 215,Household,Household,Nakhla,135.5,177.38
P0216,Rimal Fresh Food Item 216,Fresh Food,Fresh Food,Rimal,37.28,45.2
P0217,Northern Star Electronics Item 217,Electronics,Electronics,Northern Star,204.76,246.22
P0218,Gulf Fresh Fresh Food Item 218,Fresh Food,Fresh Food,Gulf Fresh,78.71,107.15
P0219,Eastern Choice Food & Beverages Item 219,Food & Beverages,Food & Beverages,Eastern Choice,23.43,29.1
P0220,Eastern Choice Baby Care Item 220,Baby Care,Baby Care,Eastern Choice,149.49,181.33
P0221,Palm Valley Fresh Food Item 221,Fresh Food,Fresh Food,Palm Valley,44.1,59.85
P0222,Eastern Choice Food & Beverages Item 222,Food & Beverages,Food & Beverages,Eastern Choice,54.07,64.36
P0223,Palm Valley Food & Beverages Item 223,Food & Beverages,Food & Beverages,Palm Valley,9.45,11.36
P0224,Arabian Select Baby Care Item 224,Baby Care,Baby Care,Arabian Select,115.3,143.11
P0225,Al Waha Health & Wellness Item 225,Health & Wellness,Health & Wellness,Al Waha,95.84,134.09
P0226,Oasis Choice Electronics Item 226,Electronics,Electronics,Oasis Choice,477.55,597.58
P0227,Eastern Choice Food & Beverages Item 227,Food & Beverages,Food & Beverages,Eastern Choice,15.11,18.95
P0228,Golden Basket Electronics Item 228,Electronics,Electronics,Golden Basket,594.76,678.61
P0229,Northern Star Food & Beverages Item 229,Food & Beverages,Food & Beverages,Northern Star,69.3,91.86
P0230,Sahara Home Food & Beverages Item 230,Food & Beverages,Food & Beverages,Sahara Home,18.91,25.07
P0231,Arabian Select Food & Beverages Item 231,Food & Beverages,Food & Beverages,Arabian Select,9.47,12.54
P0232,Eastern Choice Electronics Item 232,Electronics,Electronics,Eastern Choice,38.44,44.12
P0233,Al Waha Health & Wellness Item 233,Health & Wellness,Health & Wellness,Al Waha,131.97,189.43
P0234,Palm Valley Beauty Item 234,Beauty,Beauty,Palm Valley,155.7,263.87
P0235,Nakhla Household Item 235,Household,Household,Nakhla,84.27,114.14
P0236,Sahara Home Fresh Food Item 236,Fresh Food,Fresh Food,Sahara Home,25.5,30.74
P0237,Al Waha Household Item 237,Household,Household,Al Waha,61.68,74.82
P0238,Al Waha Electronics Item 238,Electronics,Electronics,Al Waha,483.69,576.94
P0239,Eastern Choice Household Item 239,Household,Household,Eastern Choice,77.03,106.44
P0240,Arabian Select Household Item 240,Household,Household,Arabian Select,148.23,193.85
P0241,Sahara Home Household Item 241,Household,Household,Sahara Home,24.78,32.2
P0242,Desert Harvest Personal Care Item 242,Personal Care,Personal Care,Desert Harvest,84.94,108.41
P0243,Oasis Choice Baby Care Item 243,Baby Care,Baby Care,Oasis Choice,77.54,105.78
P0244,Desert Harvest Beauty Item 244,Beauty,Beauty,Desert Harvest,112.77,184.69
P0245,Northern Star Personal Care Item 245,Personal Care,Personal Care,Northern Star,87.52,117.72
P0246,Sahara Home Fresh Food Item 246,Fresh Food,Fresh Food,Sahara Home,70.17,95.09
P0247,Desert Harvest Household Item 247,Household,Household,Desert Harvest,148.73,207.17
P0248,Eastern Choice Beauty Item 248,Beauty,Beauty,Eastern Choice,40.81,58.0
P0249,Gulf Fresh Fresh Food Item 249,Fresh Food,Fresh Food,Gulf Fresh,13.1,17.09
P0250,Palm Valley Health & Wellness Item 250,Health & Wellness,Health & Wellness,Palm Valley,147.62,204.62
P0251,Gulf Fresh Food & Beverages Item 251,Food & Beverages,Food & Beverages,Gulf Fresh,47.11,61.65
P0252,Rimal Fresh Food Item 252,Fresh Food,Fresh Food,Rimal,29.59,38.93
P0253,Desert Harvest Health & Wellness Item 253,Health & Wellness,Health & Wellness,Desert Harvest,25.09,37.39
P0254,Northern Star Personal Care Item 254,Personal Care,Personal Care,Northern Star,14.85,21.52
P0255,Rimal Food & Beverages Item 255,Food & Beverages,Food & Beverages,Rimal,71.75,88.19
P0256,Nakhla Electronics Item 256,Electronics,Electronics,Nakhla,169.66,217.68
P0257,Golden Basket Health & Wellness Item 257,Health & Wellness,Health & Wellness,Golden Basket,71.44,104.3
P0258,Nakhla Beauty Item 258,Beauty,Beauty,Nakhla,64.4,90.5
P0259,Sahara Home Fresh Food Item 259,Fresh Food,Fresh Food,Sahara Home,37.43,50.13
P0260,Al Waha Electronics Item 260,Electronics,Electronics,Al Waha,74.15,93.33
P0261,Palm Valley Food & Beverages Item 261,Food & Beverages,Food & Beverages,Palm Valley,42.49,51.56
P0262,Desert Harvest Personal Care Item 262,Personal Care,Personal Care,Desert Harvest,12.78,18.71
P0263,Northern Star Personal Care Item 263,Personal Care,Personal Care,Northern Star,97.04,143.28
P0264,Northern Star Baby Care Item 264,Baby Care,Baby Care,Northern Star,48.2,61.18
P0265,Arabian Select Food & Beverages Item 265,Food & Beverages,Food & Beverages,Arabian Select,44.12,59.42
P0266,Golden Basket Beauty Item 266,Beauty,Beauty,Golden Basket,221.22,309.54
P0267,Oasis Choice Electronics Item 267,Electronics,Electronics,Oasis Choice,527.68,601.77
P0268,Oasis Choice Fresh Food Item 268,Fresh Food,Fresh Food,Oasis Choice,54.7,67.66
P0269,Oasis Choice Household Item 269,Household,Household,Oasis Choice,52.03,71.74
P0270,Desert Harvest Electronics Item 270,Electronics,Electronics,Desert Harvest,279.74,344.32
P0271,Oasis Choice Food & Beverages Item 271,Food & Beverages,Food & Beverages,Oasis Choice,54.22,64.0
P0272,Eastern Choice Electronics Item 272,Electronics,Electronics,Eastern Choice,795.43,945.02
P0273,Gulf Fresh Food & Beverages Item 273,Food & Beverages,Food & Beverages,Gulf Fresh,53.62,68.26
P0274,Northern Star Household Item 274,Household,Household,Northern Star,85.88,104.49
P0275,Golden Basket Electronics Item 275,Electronics,Electronics,Golden Basket,589.91,753.01
P0276,Gulf Fresh Food & Beverages Item 276,Food & Beverages,Food & Beverages,Gulf Fresh,38.29,50.19
P0277,Al Waha Personal Care Item 277,Personal Care,Personal Care,Al Waha,11.92,16.41
P0278,Golden Basket Baby Care Item 278,Baby Care,Baby Care,Golden Basket,104.72,150.98
P0279,Gulf Fresh Baby Care Item 279,Baby Care,Baby Care,Gulf Fresh,172.71,225.29
P0280,Golden Basket Health & Wellness Item 280,Health & Wellness,Health & Wellness,Golden Basket,43.31,69.09
P0281,Al Waha Baby Care Item 281,Baby Care,Baby Care,Al Waha,126.68,173.17
P0282,Rimal Beauty Item 282,Beauty,Beauty,Rimal,58.22,91.53
P0283,Eastern Choice Personal Care Item 283,Personal Care,Personal Care,Eastern Choice,66.62,86.04
P0284,Desert Harvest Household Item 284,Household,Household,Desert Harvest,19.02,26.18
P0285,Desert Harvest Food & Beverages Item 285,Food & Beverages,Food & Beverages,Desert Harvest,37.13,45.87
P0286,Northern Star Fresh Food Item 286,Fresh Food,Fresh Food,Northern Star,76.35,94.1
P0287,Oasis Choice Health & Wellness Item 287,Health & Wellness,Health & Wellness,Oasis Choice,76.04,99.14
P0288,Eastern Choice Household Item 288,Household,Household,Eastern Choice,101.41,133.04
P0289,Nakhla Household Item 289,Household,Household,Nakhla,120.34,157.1
P0290,Oasis Choice Fresh Food Item 290,Fresh Food,Fresh Food,Oasis Choice,92.94,124.9
P0291,Northern Star Food & Beverages Item 291,Food & Beverages,Food & Beverages,Northern Star,20.3,26.96
P0292,Sahara Home Health & Wellness Item 292,Health & Wellness,Health & Wellness,Sahara Home,85.87,113.68
P0293,Eastern Choice Beauty Item 293,Beauty,Beauty,Eastern Choice,46.58,74.81
P0294,Gulf Fresh Health & Wellness Item 294,Health & Wellness,Health & Wellness,Gulf Fresh,198.57,269.31
P0295,Golden Basket Food & Beverages Item 295,Food & Beverages,Food & Beverages,Golden Basket,74.31,98.21
P0296,Nakhla Fresh Food Item 296,Fresh Food,Fresh Food,Nakhla,55.38,75.53
P0297,Eastern Choice Fresh Food Item 297,Fresh Food,Fresh Food,Eastern Choice,84.68,110.77
P0298,Al Waha Beauty Item 298,Beauty,Beauty,Al Waha,135.03,215.86
P0299,Sahara Home Baby Care Item 299,Baby Care,Baby Care,Sahara Home,115.26,147.37
P0300,Al Waha Fresh Food Item 300,Fresh Food,Fresh Food,Al Waha,11.65,15.08
P0301,Desert Harvest Baby Care Item 301,Baby Care,Baby Care,Desert Harvest,137.91,193.82
P0302,Desert Harvest Food & Beverages Item 302,Food & Beverages,Food & Beverages,Desert Harvest,11.96,14.85
P0303,Oasis Choice Health & Wellness Item 303,Health & Wellness,Health & Wellness,Oasis Choice,166.95,234.96
P0304,Gulf Fresh Health & Wellness Item 304,Health & Wellness,Health & Wellness,Gulf Fresh,158.59,229.68
P0305,Nakhla Household Item 305,Household,Household,Nakhla,107.77,147.18
P0306,Palm Valley Baby Care Item 306,Baby Care,Baby Care,Palm Valley,14.22,18.26
P0307,Sahara Home Fresh Food Item 307,Fresh Food,Fresh Food,Sahara Home,32.4,40.01
P0308,Sahara Home Fresh Food Item 308,Fresh Food,Fresh Food,Sahara Home,28.52,38.29
P0309,Eastern Choice Household Item 309,Household,Household,Eastern Choice,57.22,78.12
P0310,Oasis Choice Food & Beverages Item 310,Food & Beverages,Food & Beverages,Oasis Choice,8.84,10.34
P0311,Desert Harvest Fresh Food Item 311,Fresh Food,Fresh Food,Desert Harvest,93.88,117.16
P0312,Oasis Choice Electronics Item 312,Electronics,Electronics,Oasis Choice,451.97,510.0
P0313,Golden Basket Food & Beverages Item 313,Food & Beverages,Food & Beverages,Golden Basket,25.83,31.5
P0314,Eastern Choice Fresh Food Item 314,Fresh Food,Fresh Food,Eastern Choice,41.51,53.55
P0315,Eastern Choice Fresh Food Item 315,Fresh Food,Fresh Food,Eastern Choice,46.38,62.6
P0316,Nakhla Beauty Item 316,Beauty,Beauty,Nakhla,154.14,243.22
P0317,Gulf Fresh Health & Wellness Item 317,Health & Wellness,Health & Wellness,Gulf Fresh,107.98,160.49
P0318,Northern Star Household Item 318,Household,Household,Northern Star,138.31,175.72
P0319,Rimal Food & Beverages Item 319,Food & Beverages,Food & Beverages,Rimal,40.76,53.73
P0320,Northern Star Personal Care Item 320,Personal Care,Personal Care,Northern Star,119.1,162.91
P0321,Arabian Select Electronics Item 321,Electronics,Electronics,Arabian Select,684.11,886.48
P0322,Arabian Select Food & Beverages Item 322,Food & Beverages,Food & Beverages,Arabian Select,18.26,23.31
P0323,Eastern Choice Personal Care Item 323,Personal Care,Personal Care,Eastern Choice,112.02,143.56
P0324,Oasis Choice Household Item 324,Household,Household,Oasis Choice,21.87,29.2
P0325,Golden Basket Beauty Item 325,Beauty,Beauty,Golden Basket,206.19,301.82
P0326,Nakhla Fresh Food Item 326,Fresh Food,Fresh Food,Nakhla,39.92,53.38
P0327,Palm Valley Household Item 327,Household,Household,Palm Valley,132.31,160.61
P0328,Arabian Select Household Item 328,Household,Household,Arabian Select,130.87,161.62
P0329,Nakhla Baby Care Item 329,Baby Care,Baby Care,Nakhla,146.62,207.31
P0330,Eastern Choice Household Item 330,Household,Household,Eastern Choice,119.55,148.89
P0331,Gulf Fresh Personal Care Item 331,Personal Care,Personal Care,Gulf Fresh,40.04,58.43
P0332,Al Waha Household Item 332,Household,Household,Al Waha,16.73,21.01
P0333,Northern Star Food & Beverages Item 333,Food & Beverages,Food & Beverages,Northern Star,33.43,42.74
P0334,Golden Basket Food & Beverages Item 334,Food & Beverages,Food & Beverages,Golden Basket,15.53,20.02
P0335,Desert Harvest Beauty Item 335,Beauty,Beauty,Desert Harvest,176.79,270.39
P0336,Nakhla Household Item 336,Household,Household,Nakhla,55.18,69.59
P0337,Gulf Fresh Fresh Food Item 337,Fresh Food,Fresh Food,Gulf Fresh,97.63,121.31
P0338,Palm Valley Household Item 338,Household,Household,Palm Valley,97.94,118.18
P0339,Rimal Health & Wellness Item 339,Health & Wellness,Health & Wellness,Rimal,166.27,231.31
P0340,Northern Star Health & Wellness Item 340,Health & Wellness,Health & Wellness,Northern Star,35.18,52.63
P0341,Desert Harvest Food & Beverages Item 341,Food & Beverages,Food & Beverages,Desert Harvest,69.24,92.62
P0342,Northern Star Health & Wellness Item 342,Health & Wellness,Health & Wellness,Northern Star,185.32,289.35
P0343,Eastern Choice Food & Beverages Item 343,Food & Beverages,Food & Beverages,Eastern Choice,39.99,52.12
P0344,Rimal Fresh Food Item 344,Fresh Food,Fresh Food,Rimal,61.81,83.92
P0345,Northern Star Food & Beverages Item 345,Food & Beverages,Food & Beverages,Northern Star,61.66,79.11
P0346,Palm Valley Household Item 346,Household,Household,Palm Valley,30.35,38.0
P0347,Gulf Fresh Food & Beverages Item 347,Food & Beverages,Food & Beverages,Gulf Fresh,41.2,54.86
P0348,Arabian Select Fresh Food Item 348,Fresh Food,Fresh Food,Arabian Select,41.67,55.59
P0349,Rimal Beauty Item 349,Beauty,Beauty,Rimal,45.13,69.78
P0350,Eastern Choice Health & Wellness Item 350,Health & Wellness,Health & Wellness,Eastern Choice,79.83,106.44
P0351,Desert Harvest Food & Beverages Item 351,Food & Beverages,Food & Beverages,Desert Harvest,7.32,9.07
P0352,Oasis Choice Baby Care Item 352,Baby Care,Baby Care,Oasis Choice,12.44,16.36
P0353,Sahara Home Food & Beverages Item 353,Food & Beverages,Food & Beverages,Sahara Home,12.54,16.59
P0354,Nakhla Fresh Food Item 354,Fresh Food,Fresh Food,Nakhla,96.42,126.25
P0355,Northern Star Food & Beverages Item 355,Food & Beverages,Food & Beverages,Northern Star,44.86,55.0
P0356,Arabian Select Food & Beverages Item 356,Food & Beverages,Food & Beverages,Arabian Select,77.33,104.04
P0357,Rimal Food & Beverages Item 357,Food & Beverages,Food & Beverages,Rimal,35.73,41.88
P0358,Northern Star Beauty Item 358,Beauty,Beauty,Northern Star,84.84,127.08
P0359,Al Waha Beauty Item 359,Beauty,Beauty,Al Waha,131.47,179.42
P0360,Nakhla Food & Beverages Item 360,Food & Beverages,Food & Beverages,Nakhla,36.28,47.09
P0361,Oasis Choice Electronics Item 361,Electronics,Electronics,Oasis Choice,102.42,131.47
P0362,Palm Valley Household Item 362,Household,Household,Palm Valley,97.92,122.99
P0363,Sahara Home Beauty Item 363,Beauty,Beauty,Sahara Home,61.85,102.08
P0364,Gulf Fresh Household Item 364,Household,Household,Gulf Fresh,94.84,119.35
P0365,Northern Star Household Item 365,Household,Household,Northern Star,99.28,137.22
P0366,Oasis Choice Beauty Item 366,Beauty,Beauty,Oasis Choice,46.49,75.03
P0367,Oasis Choice Food & Beverages Item 367,Food & Beverages,Food & Beverages,Oasis Choice,6.79,8.9
P0368,Palm Valley Food & Beverages Item 368,Food & Beverages,Food & Beverages,Palm Valley,62.9,72.56
P0369,Golden Basket Fresh Food Item 369,Fresh Food,Fresh Food,Golden Basket,47.6,66.29
P0370,Palm Valley Fresh Food Item 370,Fresh Food,Fresh Food,Palm Valley,8.64,11.62
P0371,Northern Star Household Item 371,Household,Household,Northern Star,149.26,188.21
P0372,Golden Basket Personal Care Item 372,Personal Care,Personal Care,Golden Basket,11.64,16.96
P0373,Golden Basket Health & Wellness Item 373,Health & Wellness,Health & Wellness,Golden Basket,142.06,196.68
P0374,Arabian Select Household Item 374,Household,Household,Arabian Select,147.63,202.92
P0375,Arabian Select Food & Beverages Item 375,Food & Beverages,Food & Beverages,Arabian Select,20.66,24.22
P0376,Desert Harvest Food & Beverages Item 376,Food & Beverages,Food & Beverages,Desert Harvest,13.1,16.91
P0377,Rimal Baby Care Item 377,Baby Care,Baby Care,Rimal,28.88,38.56
P0378,Rimal Health & Wellness Item 378,Health & Wellness,Health & Wellness,Rimal,67.62,89.86
P0379,Eastern Choice Food & Beverages Item 379,Food & Beverages,Food & Beverages,Eastern Choice,9.88,11.84
P0380,Gulf Fresh Personal Care Item 380,Personal Care,Personal Care,Gulf Fresh,84.6,106.01
P0381,Rimal Personal Care Item 381,Personal Care,Personal Care,Rimal,12.16,16.63
P0382,Arabian Select Baby Care Item 382,Baby Care,Baby Care,Arabian Select,95.62,121.95
P0383,Desert Harvest Food & Beverages Item 383,Food & Beverages,Food & Beverages,Desert Harvest,79.74,101.24
P0384,Desert Harvest Food & Beverages Item 384,Food & Beverages,Food & Beverages,Desert Harvest,65.49,79.21
P0385,Golden Basket Electronics Item 385,Electronics,Electronics,Golden Basket,499.87,579.84
P0386,Eastern Choice Food & Beverages Item 386,Food & Beverages,Food & Beverages,Eastern Choice,25.89,33.62
P0387,Palm Valley Health & Wellness Item 387,Health & Wellness,Health & Wellness,Palm Valley,128.54,168.96
P0388,Gulf Fresh Personal Care Item 388,Personal Care,Personal Care,Gulf Fresh,65.61,96.82
P0389,Northern Star Food & Beverages Item 389,Food & Beverages,Food & Beverages,Northern Star,35.23,46.52
P0390,Golden Basket Personal Care Item 390,Personal Care,Personal Care,Golden Basket,20.03,28.38
P0391,Palm Valley Baby Care Item 391,Baby Care,Baby Care,Palm Valley,160.5,216.4
P0392,Rimal Fresh Food Item 392,Fresh Food,Fresh Food,Rimal,46.63,64.28
P0393,Eastern Choice Electronics Item 393,Electronics,Electronics,Eastern Choice,171.81,195.36
P0394,Golden Basket Household Item 394,Household,Household,Golden Basket,58.33,70.92
P0395,Nakhla Health & Wellness Item 395,Health & Wellness,Health & Wellness,Nakhla,88.68,121.66
P0396,Rimal Food & Beverages Item 396,Food & Beverages,Food & Beverages,Rimal,66.55,87.11
P0397,Palm Valley Personal Care Item 397,Personal Care,Personal Care,Palm Valley,89.37,112.49
P0398,Gulf Fresh Fresh Food Item 398,Fresh Food,Fresh Food,Gulf Fresh,77.62,102.19
P0399,Northern Star Food & Beverages Item 399,Food & Beverages,Food & Beverages,Northern Star,2.86,3.86
P0400,Palm Valley Food & Beverages Item 400,Food & Beverages,Food & Beverages,Palm Valley,34.46,45.53
P0401,Golden Basket Food & Beverages Item 401,Food & Beverages,Food & Beverages,Golden Basket,39.54,49.59
P0402,Golden Basket Food & Beverages Item 402,Food & Beverages,Food & Beverages,Golden Basket,3.5,4.07
P0403,Northern Star Food & Beverages Item 403,Food & Beverages,Food & Beverages,Northern Star,22.27,29.31
P0404,Oasis Choice Health & Wellness Item 404,Health & Wellness,Health & Wellness,Oasis Choice,154.46,228.55
P0405,Gulf Fresh Household Item 405,Household,Household,Gulf Fresh,24.88,30.43
P0406,Al Waha Fresh Food Item 406,Fresh Food,Fresh Food,Al Waha,54.93,66.95
P0407,Rimal Electronics Item 407,Electronics,Electronics,Rimal,187.86,240.82
P0408,Desert Harvest Household Item 408,Household,Household,Desert Harvest,6.76,9.02
P0409,Northern Star Personal Care Item 409,Personal Care,Personal Care,Northern Star,32.74,47.71
P0410,Gulf Fresh Household Item 410,Household,Household,Gulf Fresh,146.5,201.55
P0411,Desert Harvest Health & Wellness Item 411,Health & Wellness,Health & Wellness,Desert Harvest,162.29,238.81
P0412,Gulf Fresh Personal Care Item 412,Personal Care,Personal Care,Gulf Fresh,115.35,159.11
P0413,Gulf Fresh Health & Wellness Item 413,Health & Wellness,Health & Wellness,Gulf Fresh,102.69,146.76
P0414,Palm Valley Household Item 414,Household,Household,Palm Valley,20.91,26.42
P0415,Gulf Fresh Beauty Item 415,Beauty,Beauty,Gulf Fresh,141.51,212.56
P0416,Oasis Choice Household Item 416,Household,Household,Oasis Choice,70.88,96.03
P0417,Al Waha Personal Care Item 417,Personal Care,Personal Care,Al Waha,102.1,142.99
P0418,Golden Basket Fresh Food Item 418,Fresh Food,Fresh Food,Golden Basket,12.51,17.25
P0419,Sahara Home Electronics Item 419,Electronics,Electronics,Sahara Home,400.83,476.46
P0420,Desert Harvest Food & Beverages Item 420,Food & Beverages,Food & Beverages,Desert Harvest,13.7,17.42
P0421,Golden Basket Fresh Food Item 421,Fresh Food,Fresh Food,Golden Basket,34.49,45.74
P0422,Sahara Home Beauty Item 422,Beauty,Beauty,Sahara Home,186.97,291.13
P0423,Al Waha Fresh Food Item 423,Fresh Food,Fresh Food,Al Waha,49.17,65.91
P0424,Al Waha Electronics Item 424,Electronics,Electronics,Al Waha,313.19,359.38
P0425,Desert Harvest Household Item 425,Household,Household,Desert Harvest,62.2,81.01
P0426,Desert Harvest Food & Beverages Item 426,Food & Beverages,Food & Beverages,Desert Harvest,37.84,44.3
P0427,Al Waha Personal Care Item 427,Personal Care,Personal Care,Al Waha,95.28,128.26
P0428,Sahara Home Beauty Item 428,Beauty,Beauty,Sahara Home,224.1,340.79
P0429,Northern Star Health & Wellness Item 429,Health & Wellness,Health & Wellness,Northern Star,191.51,286.44
P0430,Gulf Fresh Personal Care Item 430,Personal Care,Personal Care,Gulf Fresh,95.49,142.05
P0431,Rimal Food & Beverages Item 431,Food & Beverages,Food & Beverages,Rimal,26.6,33.79
P0432,Eastern Choice Electronics Item 432,Electronics,Electronics,Eastern Choice,556.75,695.22
P0433,Nakhla Fresh Food Item 433,Fresh Food,Fresh Food,Nakhla,45.45,59.14
P0434,Eastern Choice Beauty Item 434,Beauty,Beauty,Eastern Choice,71.12,111.8
P0435,Golden Basket Food & Beverages Item 435,Food & Beverages,Food & Beverages,Golden Basket,67.59,78.69
P0436,Palm Valley Personal Care Item 436,Personal Care,Personal Care,Palm Valley,9.42,12.37
P0437,Golden Basket Food & Beverages Item 437,Food & Beverages,Food & Beverages,Golden Basket,72.34,88.43
P0438,Palm Valley Fresh Food Item 438,Fresh Food,Fresh Food,Palm Valley,47.76,61.83
P0439,Sahara Home Food & Beverages Item 439,Food & Beverages,Food & Beverages,Sahara Home,51.7,59.93
P0440,Palm Valley Health & Wellness Item 440,Health & Wellness,Health & Wellness,Palm Valley,135.28,181.55
P0441,Desert Harvest Personal Care Item 441,Personal Care,Personal Care,Desert Harvest,107.94,142.39
P0442,Northern Star Beauty Item 442,Beauty,Beauty,Northern Star,162.8,275.14
P0443,Rimal Health & Wellness Item 443,Health & Wellness,Health & Wellness,Rimal,126.65,177.23
P0444,Rimal Electronics Item 444,Electronics,Electronics,Rimal,71.99,86.13
P0445,Desert Harvest Food & Beverages Item 445,Food & Beverages,Food & Beverages,Desert Harvest,42.44,50.47
P0446,Northern Star Food & Beverages Item 446,Food & Beverages,Food & Beverages,Northern Star,13.71,17.44
P0447,Oasis Choice Food & Beverages Item 447,Food & Beverages,Food & Beverages,Oasis Choice,59.52,71.79
P0448,Eastern Choice Fresh Food Item 448,Fresh Food,Fresh Food,Eastern Choice,52.69,65.41
P0449,Sahara Home Fresh Food Item 449,Fresh Food,Fresh Food,Sahara Home,68.98,89.9
P0450,Eastern Choice Health & Wellness Item 450,Health & Wellness,Health & Wellness,Eastern Choice,17.92,23.33
P0451,Oasis Choice Health & Wellness Item 451,Health & Wellness,Health & Wellness,Oasis Choice,26.11,34.0
P0452,Oasis Choice Health & Wellness Item 452,Health & Wellness,Health & Wellness,Oasis Choice,146.1,199.53
P0453,Golden Basket Food & Beverages Item 453,Food & Beverages,Food & Beverages,Golden Basket,7.62,8.82
P0454,Al Waha Fresh Food Item 454,Fresh Food,Fresh Food,Al Waha,9.91,12.11
P0455,Golden Basket Household Item 455,Household,Household,Golden Basket,6.76,8.57
P0456,Al Waha Household Item 456,Household,Household,Al Waha,143.69,195.49
P0457,Nakhla Beauty Item 457,Beauty,Beauty,Nakhla,187.0,289.89
P0458,Palm Valley Food & Beverages Item 458,Food & Beverages,Food & Beverages,Palm Valley,29.55,37.01
P0459,Northern Star Food & Beverages Item 459,Food & Beverages,Food & Beverages,Northern Star,25.13,30.37
P0460,Al Waha Baby Care Item 460,Baby Care,Baby Care,Al Waha,68.15,97.65
P0461,Eastern Choice Food & Beverages Item 461,Food & Beverages,Food & Beverages,Eastern Choice,62.42,76.74
P0462,Desert Harvest Health & Wellness Item 462,Health & Wellness,Health & Wellness,Desert Harvest,135.66,179.9
P0463,Golden Basket Personal Care Item 463,Personal Care,Personal Care,Golden Basket,26.3,36.93
P0464,Northern Star Household Item 464,Household,Household,Northern Star,30.25,36.99
P0465,Sahara Home Personal Care Item 465,Personal Care,Personal Care,Sahara Home,16.32,21.81
P0466,Northern Star Household Item 466,Household,Household,Northern Star,100.74,131.11
P0467,Palm Valley Baby Care Item 467,Baby Care,Baby Care,Palm Valley,139.47,197.85
P0468,Nakhla Personal Care Item 468,Personal Care,Personal Care,Nakhla,35.48,48.73
P0469,Al Waha Beauty Item 469,Beauty,Beauty,Al Waha,15.03,23.98
P0470,Nakhla Beauty Item 470,Beauty,Beauty,Nakhla,29.72,50.45
P0471,Sahara Home Health & Wellness Item 471,Health & Wellness,Health & Wellness,Sahara Home,193.89,259.71
P0472,Oasis Choice Fresh Food Item 472,Fresh Food,Fresh Food,Oasis Choice,31.66,39.73
P0473,Rimal Baby Care Item 473,Baby Care,Baby Care,Rimal,140.31,182.21
P0474,Sahara Home Food & Beverages Item 474,Food & Beverages,Food & Beverages,Sahara Home,50.72,62.61
P0475,Arabian Select Food & Beverages Item 475,Food & Beverages,Food & Beverages,Arabian Select,31.79,39.17
P0476,Sahara Home Personal Care Item 476,Personal Care,Personal Care,Sahara Home,28.65,42.31
P0477,Nakhla Health & Wellness Item 477,Health & Wellness,Health & Wellness,Nakhla,33.06,50.06
P0478,Northern Star Food & Beverages Item 478,Food & Beverages,Food & Beverages,Northern Star,49.97,63.54
P0479,Desert Harvest Beauty Item 479,Beauty,Beauty,Desert Harvest,195.91,285.69
P0480,Golden Basket Health & Wellness Item 480,Health & Wellness,Health & Wellness,Golden Basket,132.34,204.75
P0481,Desert Harvest Personal Care Item 481,Personal Care,Personal Care,Desert Harvest,65.98,98.23
P0482,Nakhla Electronics Item 482,Electronics,Electronics,Nakhla,52.72,66.65
P0483,Golden Basket Food & Beverages Item 483,Food & Beverages,Food & Beverages,Golden Basket,77.54,89.2
P0484,Arabian Select Food & Beverages Item 484,Food & Beverages,Food & Beverages,Arabian Select,64.3,82.13
P0485,Rimal Baby Care Item 485,Baby Care,Baby Care,Rimal,58.37,70.79
P0486,Palm Valley Beauty Item 486,Beauty,Beauty,Palm Valley,245.19,353.11
P0487,Eastern Choice Baby Care Item 487,Baby Care,Baby Care,Eastern Choice,111.52,135.48
P0488,Nakhla Household Item 488,Household,Household,Nakhla,89.45,118.14
P0489,Northern Star Personal Care Item 489,Personal Care,Personal Care,Northern Star,91.03,129.41
P0490,Al Waha Electronics Item 490,Electronics,Electronics,Al Waha,653.18,733.45
P0491,Nakhla Electronics Item 491,Electronics,Electronics,Nakhla,532.05,626.1
P0492,Nakhla Baby Care Item 492,Baby Care,Baby Care,Nakhla,30.03,39.46
P0493,Golden Basket Personal Care Item 493,Personal Care,Personal Care,Golden Basket,43.9,58.93
P0494,Gulf Fresh Health & Wellness Item 494,Health & Wellness,Health & Wellness,Gulf Fresh,186.34,249.01
P0495,Sahara Home Household Item 495,Household,Household,Sahara Home,37.57,48.23
P0496,Northern Star Food & Beverages Item 496,Food & Beverages,Food & Beverages,Northern Star,31.03,40.35
P0497,Gulf Fresh Fresh Food Item 497,Fresh Food,Fresh Food,Gulf Fresh,44.91,54.53
P0498,Arabian Select Food & Beverages Item 498,Food & Beverages,Food & Beverages,Arabian Select,36.27,42.29
P0499,Al Waha Fresh Food Item 499,Fresh Food,Fresh Food,Al Waha,62.46,79.38
P0500,Rimal Household Item 500,Household,Household,Rimal,141.75,196.8
